,MSE,RMSE,MAE,NMAE
Content-Based,2.5239871628128316,1.5887061285249804,1.374600644809395,0.274920128961879
User-CF (Cosine),2.6990265343333966,1.6428714296418319,1.408697827314715,0.281739565462943
User-CF (Pearson),2.7587617979692167,1.6609520757593268,1.4194742614799183,0.28389485229598366
Item-CF (Cosine),2.650911112666639,1.628161881591213,1.4015835833968109,0.2803167166793622
Item-CF (Pearson),2.691008654008851,1.6404294114678788,1.4087740007487246,0.2817548001497449
Funk SVD (MF),3.1589241563246246,1.77733625302716,1.4968155074675302,0.29936310149350603
Neural CF (NCF),2.532528674867623,1.5913920556756662,1.3782882596983386,0.27565765193966774
